peptide,abundance
IYQY[+80]IQSR,-0.034547727
TPKDS[+80]PGIPPSANAHQLFR,-0.0000267
RNS[+80]SEASSGDFLDLK,-0.013381425
LPLVPES[+80]PRR,0.169781534
ANAS[+80]PQKPLDLK,0.054174252
SMS[+80]VDLSHIPLKDPLLFK,-0.492320804
LENS[+80]PLGEALR,0.293696755
ANS[+80]FVGTAQYVSPELLTEK,-0.225032789
TNPPTQKPPS[+80]PPMSGR,-0.009425709
SNS[+80]LPHSAVSNAGSK,0.007907968
VGS[+80]LDNVGHLPAGGAVK,0.033252301
S[+80]PTGPSNSFLANMGGTVAHK,-0.198882551
AAPEAS[+80]SPPASPLQHLLPGK,0.079602454
S[+122]DKPDMAEIEKFDK,-0.017423499
SLS[+80]LGDKEISR,0.124595749
DLVQPDKPAS[+80]PK,0.062250134
S[+80]FAGNLNTYKR,-0.205970924
SPS[+80]PAHLPDDPKVAEK,0.090319525
S[+80]IQDLTVTGTEPGQVSSR,-0.105309986
HRPS[+80]PPATPPPK,0.018574934
IHS[+80]PIIR,-0.014797217
LHS[+80]APNLSDLHVVRPK,0.802286945
TFS[+80]LTEVR,-0.047794548
SLVGS[+80]WLK,0.041646332
LLEDS[+80]EESSEETVSR,0.239983314
TLGRRDS[+80]SDDWEIPDGQITVGQR,-0.155295571
S[+80]PPAPGLQPMR,-0.203761425
LAS[+80]PELER,0.445520405
IGPLGLS[+80]PK,0.168716109
TPS[+80]IQPSLLPHAAPFAK,0.024348908
A[+42]TTATM[+16]ATSGS[+80]AR,-0.00716575
A[+42]TTATMATSGS[+80]AR,0.186054989
HAS[+80]PILPITEFSDIPR,-0.138123584
LIPGPLS[+80]PVAR,0.039482378
LGM[+16]LS[+80]PEGTC[+57]K,-0.104302677
LGMLS[+80]PEGTC[+57]K,0.050871096
ISNLS[+80]PEEEQGLWK,-0.139164137
RRLS[+80]SLR,-0.267433436
VSMPDVELNLKS[+80]PK,-1.011159682
S[+122]DNGELEDKPPAPPVR,0.167362587
KAYS[+80]FC[+57]GTVEYM[+16]APEVVNR,-0.21765466
KAYS[+80]FC[+57]GTVEYMAPEVVNR,-0.078385823
IHVSRS[+80]PTRPR,0.195786516
RPHS[+80]PEKAFSSNPVVR,0.051494075
KPNIFYSGPAS[+80]PARPR,0.246515671
NDS[+80]WGSFDLR,-0.063788057
LEVTEIVKPS[+80]PK,0.007016361
QDDS[+80]PPRPIIGPALPPGFIK,-0.306081022
SFS[+80]ADNFIGIQR,-0.222304305
TEFLDLDNSPLSPPS[+80]PR,-0.564971113
VLS[+80]PLIIK,0.194187242
AGS[+80]PDVLR,0.038794674
LGPGRPLPTFPTSEC[+57]TS[+80]DVEPDTR,-0.167886026
QGSGRES[+80]PSLASR,-0.036396135
LAAPSVSHVS[+80]PR,-0.032759023
VDDDS[+80]LGEFPVTNSR,-0.051125676
NEEPVRS[+80]PERR,0.211411572
LFIIRGS[+80]PQQIDHAK,0.132593714
S[+80]IEVENDFLPVEK,-0.097230799
TAPTLS[+80]PEHWK,0.114903793
RLS[+80]ESQLSFRR,0.037347198
RLS[+80]LPGLLSQVSPR,-0.989071359
VLS[+80]PTAAKPSPFEGK,0.048045915
SSDQPLTVPVS[+80]PK,0.059693061
FYETKEESYS[+80]PSKDR,0.156095616
SDS[+80]PENKYSDSTGHSK,-0.15396378
S[+80]IPLSIK,-0.038629797
RLS[+80]QSDEDVIR,0.215340558
ATS[+80]PVKSTTSITDAK,-0.075128049
YLLGDAPVS[+80]PSSQK,-0.036629514
ANS[+80]PEKPPEAGAAHKPR,-0.005187221
SEVQQPVHPKPLS[+80]PDSR,-0.069641857
ETPHS[+80]PGVEDAPIAK,0.192246655
SQS[+80]PHYFR,-0.015532777
TQLWASEPGT[+80]PPLPTSLPSQNPILK,-0.698096986
DRS[+80]SPPPGYIPDELHQVAR,0.020631317
SPALKS[+80]PLQSVVVR,0.148949587
AFGSGIDIKPGT[+80]PPIAGR,0.107166124
ST[+80]FHAGQLR,0.4724176
S[+80]LTNSHLEKK,-0.001724529
SFS[+80]SQRPVDR,0.240301672
VYT[+80]HEVVTLWYR,0.016942218
SST[+80]PLPTISSSAENTR,-0.139012568
LQTPNT[+80]FPKR,0.350192388
QIT[+80]MEELVR,-0.683223343
ALPQT[+80]PRPR,-0.00851403